                  epoch,         train/box_loss,         train/cls_loss,         train/dfl_loss,   metrics/precision(B),      metrics/recall(B),       metrics/mAP50(B),    metrics/mAP50-95(B),           val/box_loss,           val/cls_loss,           val/dfl_loss,                 lr/pg0,                 lr/pg1,                 lr/pg2
                      0,                 2.0171,                 4.2992,                 2.3696,                0.11358,                 0.2963,                0.06307,                0.03053,                 1.7883,                 4.7983,                  2.504,                 0.0919,                 0.0009,                 0.0009
                      1,                 1.9024,                 2.8607,                  2.338,                0.24171,                0.35833,                0.25446,                0.13254,                 1.7547,                 3.4752,                 2.4257,               0.082825,              0.0018248,              0.0018248
                      2,                 1.8431,                 2.3083,                 2.2919,                0.27707,                0.35727,                0.24006,                0.11921,                 1.7336,                 2.9682,                 2.4512,                0.07367,              0.0026703,              0.0026703
                      3,                 1.7613,                 2.0624,                 2.1599,                0.41567,                0.48889,                 0.3622,                0.20267,                 1.7493,                 2.5384,                 2.4125,               0.064437,              0.0034367,              0.0034367
                      4,                 1.6841,                 2.0539,                 2.0817,                0.36378,                0.37142,                0.37671,                0.19958,                 1.8133,                 2.5732,                 2.4722,               0.055124,              0.0041238,              0.0041238
                      5,                 1.5919,                 1.7262,                 2.0399,                 0.3964,                0.46167,                0.43722,                 0.2547,                 1.8181,                 2.2997,                 2.3886,               0.045732,              0.0047318,              0.0047318
